{"cameraMode":{"drawMode":0,"name":"Shaded","section":"Shading Mode"},"sceneLighting":false,"audioPlay":false,"sceneViewState":{"m_AlwaysRefresh":false,"showFog":true,"showSkybox":false,"showFlares":true,"showImageEffects":true,"showParticleSystems":true,"showVisualEffectGraphs":true,"m_FxEnabled":true},"in2DMode":false,"pivot":{"x":1.9347385168075562,"y":-0.09550881385803223,"z":0.8936214447021484},"rotation":{"x":-0.152587428689003,"y":0.04029577597975731,"z":-0.006231268402189016,"w":-0.9874774217605591},"size":7.432974815368652,"orthographic":false}