{"cameraMode":{"drawMode":0,"name":"Shaded","section":"Shading Mode"},"sceneLighting":false,"audioPlay":false,"sceneViewState":{"m_AlwaysRefresh":false,"showFog":true,"showSkybox":false,"showFlares":true,"showImageEffects":true,"showParticleSystems":true,"showVisualEffectGraphs":true,"m_FxEnabled":true},"in2DMode":false,"pivot":{"x":576.1475830078125,"y":249.61888122558595,"z":-155.4163055419922},"rotation":{"x":-0.005351825151592493,"y":0.9929718971252441,"z":-0.049500420689582828,"w":-0.10735734552145004},"size":1060.524169921875,"orthographic":false}